<?xml version="1.0" encoding="UTF-8"?>
<Configuration status="WARN">
 <Properties>
    <Property name="filename">test.log</Property>
  </Properties>
  

  <appenders>
    <Console name="Console" target="SYSTEM_OUT">
      <PatternLayout pattern="%d{HH:mm:ss.SSS} [%t] %-5level %logger{36} - %msg%n"/>
    </Console>
    <File name="MyFile" fileName="logs/app.log">
      <PatternLayout>
        <pattern>%d %p %C{1.} [%t] %m%n</pattern>
      </PatternLayout>
    </File>
  </appenders>
  
  <Loggers>  
    <Root level="debug">
     <AppenderRef ref="Console"/>
      <AppenderRef ref="MyFile"/>
    </Root>
  </Loggers>
</Configuration>