<?xml version="1.0" encoding="UTF-8"?>

<!DOCTYPE struts PUBLIC
   "-//Apache Software Foundation//DTD Struts Configuration 2.3//EN"
   "http://struts.apache.org/dtds/struts-2.3.dtd">
<struts>
	
 
	<package name="default" extends="struts-default, json-default">
		<global-results>
			<result name="failure">/content/Error.jsp</result>
		</global-results>
		
		<action name="welcome" class="com.contactApp.action.WelcomeUserAction">
			<result name="success">content/welcome_user.jsp</result>
		</action>
		
		<action name="adduser" class="com.contactApp.action.AddUserAction">
		    <result name="success">content/users_list.jsp</result>
		    <result name="error">content/welcome_user.jsp</result>
		</action>
	
		
	</package>	
	
</struts>